Datum,Zeit,Gegner
03.10.2026,10:00,Turnier in Lindau
12.09.2026,10:00,Turnier in Lindau
10.10.2026,10:00,Turnier in Lindau
11.10.2026,09:30,LTP in Lindau
18.10.2026,09:30,Turnier in Lindau
24.10.2026,10:00,Turnier in Lindau
01.11.2026,09:00,Turnier in Kempten
08.11.2026,09:30,LTP in Lindau
28.11.2026,11:45,Turnier in Sonthofen
05.12.2026,10:00,LTP in Lindau
19.12.2026,10:00,Turnier in Pfronten
20.12.2026,09:30,Turnier in Lindau
06.01.2027,09:30,Turnier in Lindau
13.02.2027,08:30,LTP in Hard
20.02.2027,10:00,Turnier in Lindau
21.02.2027,09:30,Turnier in Lindau
07.03.2027,00:00,Franz-Hannl Dornbirn